{  "name": "restful-booker",  "version": "1.0.0",  "description": "API documentation for the playground API restful-booker. <a href='/' style='font-size: 24px'>Click here to go back to Home</a>",  "title": "Restful-booker",  "url": "https://www.mwtestconsultancy.co.uk",  "order": [    "GetBookings",    "GetBooking",    "CreateBooking",    "UpdateBooking",    "PartialUpdateBooking",    "DeleteBooking"  ],  "sampleUrl": false,  "defaultVersion": "0.0.0",  "apidoc": "0.3.0",  "generator": {    "name": "apidoc",    "time": "2018-08-19T20:48:53.746Z",    "url": "http://apidocjs.com",    "version": "0.17.6"  }}
